-- phpMyAdmin SQL Dump
-- version 4.9.1
-- https://www.phpmyadmin.net/
--
-- Host: localhost
-- Generation Time: Mar 14, 2024 at 07:36 AM
-- Server version: 8.0.17
-- PHP Version: 7.3.10

SET SQL_MODE = "NO_AUTO_VALUE_ON_ZERO";
SET AUTOCOMMIT = 0;
START TRANSACTION;
SET time_zone = "+00:00";


/*!40101 SET @OLD_CHARACTER_SET_CLIENT=@@CHARACTER_SET_CLIENT */;
/*!40101 SET @OLD_CHARACTER_SET_RESULTS=@@CHARACTER_SET_RESULTS */;
/*!40101 SET @OLD_COLLATION_CONNECTION=@@COLLATION_CONNECTION */;
/*!40101 SET NAMES utf8mb4 */;

--
-- Database: `db_wrshouse03`
--

-- --------------------------------------------------------

--
-- Table structure for table `tb_admin`
--

CREATE TABLE `tb_admin` (
  `admin_id` int(11) NOT NULL,
  `admin_fullname` varchar(45) NOT NULL,
  `admin_username` varchar(45) NOT NULL,
  `admin_password` varchar(45) NOT NULL,
  `admin_email` varchar(45) NOT NULL,
  `admin_phone` varchar(10) NOT NULL,
  `admin_position` varchar(45) NOT NULL,
  `admin_role` varchar(45) NOT NULL,
  `admin_time` date NOT NULL
) ENGINE=InnoDB DEFAULT CHARSET=utf8;

--
-- Dumping data for table `tb_admin`
--

INSERT INTO `tb_admin` (`admin_id`, `admin_fullname`, `admin_username`, `admin_password`, `admin_email`, `admin_phone`, `admin_position`, `admin_role`, `admin_time`) VALUES
(1, 'admin01', 'admin01', '0926827', 'admin01@gmail.com', '0936521487', 'admin02', 'IOT02', '2024-02-27'),
(2, '123', '123', '123', '123@gmail.com', '123', '1231', '123', '2024-02-27'),
(4, 'admin02', 'admin02', 'admin02', 'admin02@gmail.com', 'admin02', 'admin02', 'admin02', '2024-02-27'),
(5, 'admin03', 'admin3', '123456', 'admin03@gmail.com', '0819272187', 'admin', 'IT', '2024-02-29'),
(6, 'sirikan', 'siriadmin', '123456', 'sirikan@ku.th', '0819272182', 'admin', 'IT', '2024-02-29');

-- --------------------------------------------------------

--
-- Table structure for table `tb_assetchecking`
--

CREATE TABLE `tb_assetchecking` (
  `assetchecking_id` int(11) NOT NULL,
  `assetchecking_no` varchar(45) CHARACTER SET utf8 COLLATE utf8_general_ci DEFAULT NULL,
  `assetchecking_note` varchar(45) CHARACTER SET utf8 COLLATE utf8_general_ci DEFAULT NULL,
  `assetchecking_date` varchar(45) CHARACTER SET utf8 COLLATE utf8_general_ci DEFAULT NULL
) ENGINE=InnoDB DEFAULT CHARSET=utf8;

--
-- Dumping data for table `tb_assetchecking`
--

INSERT INTO `tb_assetchecking` (`assetchecking_id`, `assetchecking_no`, `assetchecking_note`, `assetchecking_date`) VALUES
(1, 'KEY-4580069', '', '1/13/2021'),
(2, 'KEY-4580070', '', '1/13/2021'),
(3, 'KEY-4580071', '', '1/13/2021'),
(4, 'KEY-4580072', '', '1/13/2021'),
(5, 'KEY-4580073', '', '1/13/2021'),
(6, 'PR-65487808', '', '2/1/2021'),
(7, 'PR-65487809', '', '2/1/2021'),
(8, 'PR-65487810', '', '2/1/2021'),
(9, 'PR-65487811', '', '2/1/2021'),
(10, 'MO-2536833', '', '4/7/2021'),
(11, 'MO-2536834', '', '4/7/2021'),
(12, 'MO-2536835', '', '4/7/2021'),
(13, 'CO-1003001', '', '5/22/2021'),
(14, 'CO-1003002', '', '5/22/2021'),
(15, 'CO-1003003', '', '5/22/2021'),
(16, 'NOL-1104503', '', '5/24/2021'),
(17, 'NOL-1104504', '', '5/24/2021'),
(18, 'NOL-1104505', '', '5/24/2021'),
(19, 'FA-14578999', '', '6/6/2021'),
(20, 'FA-14579000', '', '6/6/2021'),
(21, 'CA-32323254', '', '10/20/2021'),
(22, 'CA-32323255', '', '10/20/2021'),
(23, 'SC-56830000', '', '12/14/2021'),
(24, 'SC-56830001', '', '12/14/2021'),
(25, 'SC-56830002', '', '12/14/2021'),
(26, 'SC-56830003', '', '12/14/2021'),
(27, 'FA-14579001', '', '2/7/2022'),
(28, 'FA-14579002', '', '2/7/2022'),
(29, 'FA-14579003', '', '2/7/2022'),
(30, 'SC-56830004', '', '2/25/2022'),
(31, 'SC-56830005', '', '2/25/2022'),
(32, 'KEY-4580074', '', '3/25/2022'),
(33, 'KEY-4580075', '', '3/25/2022'),
(34, 'KEY-4580076', '', '3/25/2022'),
(35, 'KEY-4580077', '', '3/25/2022'),
(36, 'NOL-1104506', '', '5/29/2022'),
(37, 'NOL-1104507', '', '5/29/2022'),
(38, 'NOL-1104508', '', '5/29/2022'),
(39, 'NOL-1104509', '', '5/29/2022'),
(40, 'NOL-1104510', '', '5/29/2022'),
(41, 'MO-2536836', '', '6/11/2022'),
(42, 'MO-2536837', '', '6/11/2022'),
(43, 'MO-2536838', '', '6/11/2022'),
(44, 'MO-2536839', '', '6/11/2022'),
(45, 'PR-65487812', '', '8/18/2022'),
(46, 'PR-65487813', '', '8/18/2022'),
(47, 'PR-65487814', '', '8/18/2022'),
(48, 'COD-2003004', '', '10/13/2022'),
(49, 'COD-2003005', '', '10/13/2022'),
(50, 'COD-2003006', '', '10/13/2022'),
(51, 'CA-32323256', '', '11/13/2022'),
(52, 'CA-32323257', '', '11/13/2022'),
(53, 'CA-32323258', '', '11/13/2022'),
(54, 'CA-32323259', '', '11/13/2022'),
(55, 'MO-2536840', '', '2/23/2023'),
(56, 'MO-2536841', '', '2/23/2023'),
(57, 'KEY-4580078', '', '4/30/2023'),
(58, 'KEY-4580079', '', '4/30/2023'),
(59, 'KEY-4580080', '', '4/30/2023'),
(60, 'KEY-4580081', '', '4/30/2023'),
(61, 'PR-65487815', '', '5/28/2023'),
(62, 'PR-65487816', '', '5/28/2023'),
(63, 'PR-65487817', '', '5/28/2023'),
(64, 'PR-65487818', '', '5/28/2023'),
(65, 'PR-65487819', '', '5/28/2023'),
(66, 'PR-65487820', '', '5/28/2023'),
(67, 'PR-65487821', '', '5/28/2023'),
(68, 'NO-3104511', '', '6/2/2023'),
(69, 'NO-3104512', '', '6/2/2023'),
(70, 'NO-3104513', '', '6/2/2023'),
(71, 'NO-3104514', '', '6/2/2023'),
(72, 'NO-3104515', '', '6/2/2023'),
(73, 'NO-2104516', '', '6/2/2023'),
(74, 'SC-56830006', '', '6/9/2023'),
(75, 'SC-56830007', '', '6/9/2023'),
(76, 'SC-56830008', '', '6/9/2023'),
(77, 'CA-32323260', '', '7/31/2023'),
(78, 'CA-32323261', '', '7/31/2023'),
(79, 'COD-2003007', '', '11/15/2023'),
(80, 'COD-2003008', '', '11/15/2023'),
(81, 'FA-14579004', '', '12/11/2023'),
(82, 'FA-14579005', '', '12/11/2023'),
(83, 'FA-14579005', 'แก้ไขวันนี้', '2024-02-28'),
(84, 'FA-14579007', 'dsadsadsadsa', '2024-02-28'),
(85, 'KEY-4580069', 'รอเปลี่ยนเครื่อง', '2024-02-28'),
(86, 'KEY-4580069', 'รอเปลี่ยนเครื่อง2', '2024-02-28'),
(87, '23456789', 'sdfghjk', '2024-02-28'),
(88, 'KEY-4580069', 'qqqqqqqqqqqqqqqqqqqqqqqqqqqqq', '2024-02-28'),
(89, 'KEY-4580069(@)', 'รอเปลี่ยนเครื่อง4', '2024-02-29'),
(90, 'KEY-4580069', 'รอเปลี่ยนเครื่อง5', '2024-02-29'),
(91, 'KEY-4580069789', 'รอเปลี่ยนเครื่อง6', '2024-02-29'),
(92, 'KEY-4580069', 'รอเปลี่ยนเครื่อง8', '2024-02-29'),
(93, 'PR-65487809', 'รอเปลี่ยนเครื่อง9', '2024-02-29');

-- --------------------------------------------------------

--
-- Table structure for table `tb_contract`
--

CREATE TABLE `tb_contract` (
  `contract_id` int(11) NOT NULL,
  `contract_dcon_remained_time` date DEFAULT NULL,
  `contract_dcostcurrency` varchar(45) CHARACTER SET utf8 COLLATE utf8_general_ci DEFAULT NULL,
  `contract_number` varchar(45) CHARACTER SET utf8 COLLATE utf8_general_ci DEFAULT NULL,
  `contract_recordingdate` date DEFAULT NULL,
  `contract_dstarteddate` date DEFAULT NULL,
  `contract_dinvoicenum` varchar(45) CHARACTER SET utf8 COLLATE utf8_general_ci DEFAULT NULL,
  `contract_dwarrantyexp` varchar(45) CHARACTER SET utf8 COLLATE utf8_general_ci DEFAULT NULL,
  `contract_dvender` varchar(45) CHARACTER SET utf8 COLLATE utf8_general_ci DEFAULT NULL,
  `contract_dcost` varchar(45) CHARACTER SET utf8 COLLATE utf8_general_ci DEFAULT NULL
) ENGINE=InnoDB DEFAULT CHARSET=utf8;

--
-- Dumping data for table `tb_contract`
--

INSERT INTO `tb_contract` (`contract_id`, `contract_dcon_remained_time`, `contract_dcostcurrency`, `contract_number`, `contract_recordingdate`, `contract_dstarteddate`, `contract_dinvoicenum`, `contract_dwarrantyexp`, `contract_dvender`, `contract_dcost`) VALUES
(1, '2024-04-28', '0', '0001', '2024-02-28', '2024-02-28', '0010', '', 'Metro', '1000'),
(2, '2024-05-21', '0', '0002', '2024-02-28', '2024-02-28', '0010', '', 'Metro', '1500'),
(3, '2027-01-13', '0', '0003', '2024-01-13', '2024-01-13', '0010', '', 'Metro', '2000'),
(4, '2027-01-13', '0', '0004', '2024-01-13', '2024-01-13', '0010', '', 'Metro', '1000'),
(5, '2027-01-13', '0', '0005', '2024-01-13', '2024-01-13', '0010', '', 'Metro', '1000'),
(6, '2025-01-01', '0', '0006', '2024-02-01', '2024-02-01', '0010', '', 'Metro', '2500'),
(7, '2027-02-01', '0', '0007', '2024-02-01', '2024-02-01', '0013', '', 'Metro', '4000'),
(8, '2024-05-01', '0', '0008', '2024-02-01', '2024-02-01', '0014', '', 'Baycom', '10000'),
(9, '2025-04-30', '0', '0009', '2024-02-01', '2024-02-01', '0019', '', 'SVOA', '15000'),
(10, '2024-05-07', '0', '0010', '2024-04-07', '2024-04-07', '0020', '', 'Baycom', '5000'),
(11, '2027-04-07', '0', '11', '2024-04-07', '2024-04-07', '0007', '', 'Metro', '1000'),
(12, '2027-04-07', '0', '12', '2024-04-07', '2024-04-07', '0007', '', 'Metro', '1000'),
(13, '2024-05-22', '0', '13', '2024-05-22', '2024-05-22', '0001', '', 'Metro', '1000'),
(14, '2024-05-22', '0', '14', '2024-05-22', '2024-05-22', '0001', '', 'Metro', '1000'),
(15, '2024-05-22', '0', '15', '2024-05-22', '2024-05-22', '0001', '', 'Metro', '1000'),
(16, '2027-05-24', '0', '16', '2024-05-24', '2024-05-24', '0004', '', 'Metro', '1000'),
(17, '2027-05-24', '0', '17', '2024-05-24', '2024-05-24', '0004', '', 'Metro', '1000'),
(18, '2027-05-24', '0', '18', '2024-05-24', '2024-05-24', '0004', '', 'Metro', '1000'),
(19, '2027-06-06', '0', '19', '2024-06-06', '2024-06-06', '0019', '', 'MFEC', '1000'),
(20, '2027-06-06', '0', '20', '2024-06-06', '2024-06-06', '0019', '', 'MFEC', '1000'),
(21, '2027-10-20', '0', '21', '2024-10-20', '2024-10-20', '0022', '', 'MFEC', '1000'),
(22, '2027-10-20', '0', '22', '2024-10-20', '2024-10-20', '0022', '', 'MFEC', '1000'),
(23, '2027-12-14', '0', '23', '2024-12-14', '2024-12-14', '0016', '', 'MFEC', '1000'),
(24, '2027-12-14', '0', '24', '2024-12-14', '2024-12-14', '0016', '', 'MFEC', '1000'),
(25, '2027-12-14', '0', '25', '2024-12-14', '2024-12-14', '0016', '', 'MFEC', '1000'),
(26, '2027-12-14', '0', '26', '2024-12-14', '2024-12-14', '0016', '', 'MFEC', '1000'),
(27, '2027-02-07', '0', '27', '2024-02-07', '2024-02-07', '0020', '', 'MFEC', '1000'),
(28, '2027-02-07', '0', '28', '2024-02-07', '2024-02-07', '0020', '', 'MFEC', '1000'),
(29, '2027-02-07', '0', '29', '2024-02-07', '2024-02-07', '0020', '', 'MFEC', '1000'),
(30, '2027-02-25', '0', '30', '2024-02-25', '2024-02-25', '0017', '', 'MFEC', '1000'),
(31, '2027-02-25', '0', '31', '2024-02-25', '2024-02-25', '0017', '', 'MFEC', '1000'),
(32, '2027-02-25', '0', '32', '2024-02-25', '2024-03-25', '0011', '', 'SVOA', '1000'),
(33, '2027-02-25', '0', '33', '2024-02-25', '2024-03-25', '0011', '', 'SVOA', '1000'),
(34, '2027-02-25', '0', '34', '2024-02-25', '2024-03-25', '0011', '', 'SVOA', '1000'),
(35, '2027-02-25', '0', '35', '2024-02-25', '2024-03-25', '0011', '', 'SVOA', '1000'),
(36, '2027-05-29', '0', '36', '2024-05-29', '2024-05-29', '0005', '', 'Metro', '1000'),
(37, '2027-05-29', '0', '37', '2024-05-29', '2024-05-29', '0005', '', 'Metro', '1000'),
(38, '2027-05-29', '0', '38', '2024-05-29', '2024-05-29', '0005', '', 'Metro', '1000'),
(39, '2027-05-29', '0', '39', '2024-05-29', '2024-05-29', '0005', '', 'Metro', '1000'),
(40, '2027-05-29', '0', '40', '2024-05-29', '2024-05-29', '0005', '', 'Metro', '1000'),
(41, '2027-06-11', '0', '41', '2024-06-11', '2024-06-11', '0008', '', 'Metro', '1000'),
(42, '2027-06-11', '0', '42', '2024-06-11', '2024-06-11', '0008', '', 'Metro', '1000'),
(43, '2027-06-11', '0', '43', '2024-06-11', '2024-06-11', '0008', '', 'Metro', '1000'),
(44, '2027-06-11', '0', '44', '2024-06-11', '2024-06-11', '0008', '', 'Metro', '1000'),
(45, '2027-08-18', '0', '45', '2024-08-18', '2024-08-18', '0014', '', 'MFEC', '1000'),
(46, '2027-08-18', '0', '46', '2024-08-18', '2024-08-18', '0014', '', 'MFEC', '1000'),
(47, '2027-08-18', '0', '47', '2024-08-18', '2024-08-18', '0014', '', 'MFEC', '1000'),
(48, '2027-10-13', '0', '48', '2024-10-13', '2024-10-13', '0002', '', 'Metro', '1000'),
(49, '2027-10-13', '0', '49', '2024-10-13', '2024-10-13', '0002', '', 'Metro', '1000'),
(50, '2027-10-13', '0', '50', '2024-10-13', '2024-10-13', '0002', '', 'Metro', '1000'),
(51, '2027-11-13', '0', '51', '2024-11-13', '2024-11-13', '0023', '', 'LEGO', '1000'),
(52, '2027-11-13', '0', '52', '2024-11-13', '2024-11-13', '0023', '', 'LEGO', '1000'),
(53, '2027-11-13', '0', '53', '2024-11-13', '2024-11-13', '0023', '', 'LEGO', '1000'),
(54, '2027-11-13', '0', '54', '2024-11-13', '2024-11-13', '0023', '', 'LEGO', '1000'),
(55, '2028-02-23', '0', '55', '2025-02-23', '2025-02-23', '0009', '', 'MFEC', '1000'),
(56, '2028-02-23', '0', '56', '2025-02-23', '2025-02-23', '0009', '', 'MFEC', '1000'),
(57, '2028-04-30', '0', '57', '2025-04-30', '2025-04-30', '0012', '', 'SVOA', '1000'),
(58, '2028-04-30', '0', '58', '2025-04-30', '2025-04-30', '0012', '', 'SVOA', '1000'),
(59, '2028-04-30', '0', '59', '2025-04-30', '2025-04-30', '0012', '', 'SVOA', '1000'),
(60, '2028-04-30', '0', '60', '2025-04-30', '2025-04-30', '0012', '', 'SVOA', '1000'),
(61, '2028-05-28', '0', '61', '2025-05-28', '2025-05-28', '0015', '', 'MFEC', '1000'),
(62, '2028-05-28', '0', '62', '2025-05-28', '2025-05-28', '0015', '', 'MFEC', '1000'),
(63, '2028-05-28', '0', '63', '2025-05-28', '2025-05-28', '0015', '', 'MFEC', '1000'),
(64, '2028-05-28', '0', '64', '2025-05-28', '2025-05-28', '0015', '', 'MFEC', '1000'),
(65, '2028-05-28', '0', '65', '2025-05-28', '2025-05-28', '0015', '', 'MFEC', '1000'),
(66, '2028-05-28', '0', '66', '2025-05-28', '2025-05-28', '0015', '', 'MFEC', '1000'),
(67, '2028-05-28', '0', '67', '2025-05-28', '2025-05-28', '0015', '', 'MFEC', '1000'),
(68, '2028-06-02', '0', '68', '2025-06-02', '2025-06-02', '0006', '', 'Metro', '1000'),
(69, '2028-06-02', '0', '69', '2025-06-02', '2025-06-02', '0006', '', 'Metro', '1000'),
(70, '2028-06-02', '0', '70', '2025-06-02', '2025-06-02', '0006', '', 'Metro', '1000'),
(71, '2028-06-02', '0', '71', '2025-06-02', '2025-06-02', '0006', '', 'Metro', '1000'),
(72, '2028-06-02', '0', '72', '2025-06-02', '2025-06-02', '0006', '', 'Metro', '1000'),
(73, '2028-06-02', '0', '73', '2025-06-02', '2025-06-02', '0006', '', 'Metro', '1000'),
(74, '2028-06-09', '0', '74', '2025-06-09', '2025-06-09', '0018', '', 'Metro', '1000'),
(75, '2028-06-09', '0', '75', '2025-06-09', '2025-06-09', '0018', '', 'Metro', '1000'),
(76, '2028-06-09', '0', '76', '2025-06-09', '2025-06-09', '0018', '', 'Metro', '1000'),
(77, '2028-07-31', '0', '77', '2025-07-31', '2025-07-31', '0024', '', 'LEGO', '1000'),
(78, '2028-07-31', '0', '78', '2025-07-31', '2025-07-31', '0024', '', 'LEGO', '1000'),
(79, '2028-11-15', '0', '79', '2025-11-15', '2025-11-15', '0003', '', 'Metro', '1000'),
(80, '2028-11-15', '0', '80', '2025-11-15', '2025-11-15', '0003', '', 'Metro', '1000'),
(81, '2028-12-11', '0', '81', '2025-12-11', '2025-12-11', '0021', '', 'Metro', '1000'),
(82, '2028-12-11', '0', '82', '2025-12-11', '2025-12-11', '0021', '', 'Metro', '1000'),
(83, '2028-02-28', '0', '83', '2024-02-28', '2025-12-28', '0021', '', 'Metro', '1000'),
(84, '2024-03-28', '0', '00029', '2024-02-28', '2024-02-28', '0123', '', 'เมโทร', '1000'),
(85, '2024-04-29', '0', '00023', '2024-02-29', '2024-02-29', '4567', '', 'เมโทร', '50000'),
(86, '2024-03-29', '0', '0046', '2024-02-29', '2024-02-29', '4600', '', 'เมโทร', '40000'),
(87, '2024-03-29', '0', '0046', '2024-02-29', '2024-02-29', '4600', '', 'เมโทร', '40000');

-- --------------------------------------------------------

--
-- Table structure for table `tb_contract01`
--

CREATE TABLE `tb_contract01` (
  `contract_id` int(11) NOT NULL,
  `contract_dcon_remained_time` date NOT NULL COMMENT 'ระยะเวลาสัญญา',
  `contract_dcostcurrency` varchar(45) CHARACTER SET utf8 COLLATE utf8_general_ci NOT NULL COMMENT 'ต้นทุนอุปกรณ์',
  `contract_number` varchar(255) NOT NULL,
  `contract_recordingdate` varchar(45) NOT NULL,
  `contract_dstarteddate` date NOT NULL COMMENT 'วันเริ่มต้นใช้งาน',
  `contract_dinvoicenum` varchar(45) CHARACTER SET utf8 COLLATE utf8_general_ci NOT NULL COMMENT 'หมายเลขใบแจ้งหนี้',
  `contract_dwarrantyexp` varchar(45) CHARACTER SET utf8 COLLATE utf8_general_ci NOT NULL COMMENT 'รับประกันอุปกรณ์',
  `contract_dvender` varchar(45) CHARACTER SET utf8 COLLATE utf8_general_ci NOT NULL COMMENT 'คู่ขายอุปกรณ์',
  `contract_dcost` varchar(45) NOT NULL COMMENT 'ค่าใช้จ่ายอุปกรณ์'
) ENGINE=InnoDB DEFAULT CHARSET=utf8;

--
-- Dumping data for table `tb_contract01`
--

INSERT INTO `tb_contract01` (`contract_id`, `contract_dcon_remained_time`, `contract_dcostcurrency`, `contract_number`, `contract_recordingdate`, `contract_dstarteddate`, `contract_dinvoicenum`, `contract_dwarrantyexp`, `contract_dvender`, `contract_dcost`) VALUES
(1, '0000-00-00', 'contract_dcostcurrency', 'contract_number', 'contract_recordingdate', '0000-00-00', 'contract_dinvoicenum', 'contract_dwarrantyexp', 'contract_dvender', 'contract_dcost'),
(2, '0000-00-00', '0', '2', '13/1/2021', '0000-00-00', '0010', '', 'Metro', '1000'),
(3, '0000-00-00', '0', '3', '13/1/2021', '0000-00-00', '0010', '', 'Metro', '1000'),
(4, '0000-00-00', '0', '4', '13/1/2021', '0000-00-00', '0010', '', 'Metro', '1000'),
(5, '0000-00-00', '0', '5', '13/1/2021', '0000-00-00', '0010', '', 'Metro', '1000'),
(6, '0000-00-00', '0', '6', '1/2/2021', '0000-00-00', '0013', '', 'Metro', '1000'),
(7, '0000-00-00', '0', '7', '1/2/2021', '0000-00-00', '0013', '', 'Metro', '1000'),
(8, '0000-00-00', '0', '8', '1/2/2021', '0000-00-00', '0013', '', 'Metro', '1000'),
(9, '0000-00-00', '0', '9', '1/2/2021', '0000-00-00', '0013', '', 'Metro', '1000'),
(10, '0000-00-00', '0', '10', '7/4/2021', '0000-00-00', '0007', '', 'Metro', '1000'),
(11, '0000-00-00', '0', '11', '7/4/2021', '0000-00-00', '0007', '', 'Metro', '1000'),
(12, '0000-00-00', '0', '12', '7/4/2021', '0000-00-00', '0007', '', 'Metro', '1000'),
(13, '0000-00-00', '0', '13', '22/5/2021', '0000-00-00', '0001', '', 'Metro', '1000'),
(14, '0000-00-00', '0', '14', '22/5/2021', '0000-00-00', '0001', '', 'Metro', '1000'),
(15, '0000-00-00', '0', '15', '22/5/2021', '0000-00-00', '0001', '', 'Metro', '1000'),
(16, '0000-00-00', '0', '16', '24/5/2021', '0000-00-00', '0004', '', 'Metro', '1000'),
(17, '0000-00-00', '0', '17', '24/5/2021', '0000-00-00', '0004', '', 'Metro', '1000'),
(18, '0000-00-00', '0', '18', '24/5/2021', '0000-00-00', '0004', '', 'Metro', '1000'),
(19, '0000-00-00', '0', '19', '6/6/2021', '0000-00-00', '0019', '', 'MFEC', '1000'),
(20, '0000-00-00', '0', '20', '6/6/2021', '0000-00-00', '0019', '', 'MFEC', '1000'),
(21, '0000-00-00', '0', '21', '20/10/2021', '0000-00-00', '0022', '', 'MFEC', '1000'),
(22, '0000-00-00', '0', '22', '20/10/2021', '0000-00-00', '0022', '', 'MFEC', '1000'),
(23, '0000-00-00', '0', '23', '14/12/2021', '0000-00-00', '0016', '', 'MFEC', '1000'),
(24, '0000-00-00', '0', '24', '14/12/2021', '0000-00-00', '0016', '', 'MFEC', '1000'),
(25, '0000-00-00', '0', '25', '14/12/2021', '0000-00-00', '0016', '', 'MFEC', '1000'),
(26, '0000-00-00', '0', '26', '14/12/2021', '0000-00-00', '0016', '', 'MFEC', '1000'),
(27, '0000-00-00', '0', '27', '7/2/2022', '0000-00-00', '0020', '', 'MFEC', '1000'),
(28, '0000-00-00', '0', '28', '7/2/2022', '0000-00-00', '0020', '', 'MFEC', '1000'),
(29, '0000-00-00', '0', '29', '7/2/2022', '0000-00-00', '0020', '', 'MFEC', '1000'),
(30, '0000-00-00', '0', '30', '25/2/2022', '0000-00-00', '0017', '', 'MFEC', '1000'),
(31, '0000-00-00', '0', '31', '25/2/2022', '0000-00-00', '0017', '', 'MFEC', '1000'),
(32, '0000-00-00', '0', '32', '25/3/2022', '0000-00-00', '0011', '', 'SVOA', '1000'),
(33, '0000-00-00', '0', '33', '25/3/2022', '0000-00-00', '0011', '', 'SVOA', '1000'),
(34, '0000-00-00', '0', '34', '25/3/2022', '0000-00-00', '0011', '', 'SVOA', '1000'),
(35, '0000-00-00', '0', '35', '25/3/2022', '0000-00-00', '0011', '', 'SVOA', '1000'),
(36, '0000-00-00', '0', '36', '29/5/2022', '0000-00-00', '0005', '', 'Metro', '1000'),
(37, '0000-00-00', '0', '37', '29/5/2022', '0000-00-00', '0005', '', 'Metro', '1000'),
(38, '0000-00-00', '0', '38', '29/5/2022', '0000-00-00', '0005', '', 'Metro', '1000'),
(39, '0000-00-00', '0', '39', '29/5/2022', '0000-00-00', '0005', '', 'Metro', '1000'),
(40, '0000-00-00', '0', '40', '29/5/2022', '0000-00-00', '0005', '', 'Metro', '1000'),
(41, '0000-00-00', '0', '41', '11/6/2022', '0000-00-00', '0008', '', 'Metro', '1000'),
(42, '0000-00-00', '0', '42', '11/6/2022', '0000-00-00', '0008', '', 'Metro', '1000'),
(43, '0000-00-00', '0', '43', '11/6/2022', '0000-00-00', '0008', '', 'Metro', '1000'),
(44, '0000-00-00', '0', '44', '11/6/2022', '0000-00-00', '0008', '', 'Metro', '1000'),
(45, '0000-00-00', '0', '45', '18/8/2022', '0000-00-00', '0014', '', 'MFEC', '1000'),
(46, '0000-00-00', '0', '46', '18/8/2022', '0000-00-00', '0014', '', 'MFEC', '1000'),
(47, '0000-00-00', '0', '47', '18/8/2022', '0000-00-00', '0014', '', 'MFEC', '1000'),
(48, '0000-00-00', '0', '48', '13/10/2022', '0000-00-00', '0002', '', 'Metro', '1000'),
(49, '0000-00-00', '0', '49', '13/10/2022', '0000-00-00', '0002', '', 'Metro', '1000'),
(50, '0000-00-00', '0', '50', '13/10/2022', '0000-00-00', '0002', '', 'Metro', '1000'),
(51, '0000-00-00', '0', '51', '13/11/2022', '0000-00-00', '0023', '', 'LEGO', '1000'),
(52, '0000-00-00', '0', '52', '13/11/2022', '0000-00-00', '0023', '', 'LEGO', '1000'),
(53, '0000-00-00', '0', '53', '13/11/2022', '0000-00-00', '0023', '', 'LEGO', '1000'),
(54, '0000-00-00', '0', '54', '13/11/2022', '0000-00-00', '0023', '', 'LEGO', '1000'),
(55, '0000-00-00', '0', '55', '23/2/2023', '0000-00-00', '0009', '', 'MFEC', '1000'),
(56, '0000-00-00', '0', '56', '23/2/2023', '0000-00-00', '0009', '', 'MFEC', '1000'),
(57, '0000-00-00', '0', '57', '30/4/2023', '0000-00-00', '0012', '', 'SVOA', '1000'),
(58, '0000-00-00', '0', '58', '30/4/2023', '0000-00-00', '0012', '', 'SVOA', '1000'),
(59, '0000-00-00', '0', '59', '30/4/2023', '0000-00-00', '0012', '', 'SVOA', '1000'),
(60, '0000-00-00', '0', '60', '30/4/2023', '0000-00-00', '0012', '', 'SVOA', '1000'),
(61, '0000-00-00', '0', '61', '28/5/2023', '0000-00-00', '0015', '', 'MFEC', '1000'),
(62, '0000-00-00', '0', '62', '28/5/2023', '0000-00-00', '0015', '', 'MFEC', '1000'),
(63, '0000-00-00', '0', '63', '28/5/2023', '0000-00-00', '0015', '', 'MFEC', '1000'),
(64, '0000-00-00', '0', '64', '28/5/2023', '0000-00-00', '0015', '', 'MFEC', '1000'),
(65, '0000-00-00', '0', '65', '28/5/2023', '0000-00-00', '0015', '', 'MFEC', '1000'),
(66, '0000-00-00', '0', '66', '28/5/2023', '0000-00-00', '0015', '', 'MFEC', '1000'),
(67, '0000-00-00', '0', '67', '28/5/2023', '0000-00-00', '0015', '', 'MFEC', '1000'),
(68, '0000-00-00', '0', '68', '2/6/2023', '0000-00-00', '0006', '', 'Metro', '1000'),
(69, '0000-00-00', '0', '69', '2/6/2023', '0000-00-00', '0006', '', 'Metro', '1000'),
(70, '0000-00-00', '0', '70', '2/6/2023', '0000-00-00', '0006', '', 'Metro', '1000'),
(71, '0000-00-00', '0', '71', '2/6/2023', '0000-00-00', '0006', '', 'Metro', '1000'),
(72, '0000-00-00', '0', '72', '2/6/2023', '0000-00-00', '0006', '', 'Metro', '1000'),
(73, '0000-00-00', '0', '73', '2/6/2023', '0000-00-00', '0006', '', 'Metro', '1000'),
(74, '0000-00-00', '0', '74', '9/6/2023', '0000-00-00', '0018', '', 'Metro', '1000'),
(75, '0000-00-00', '0', '75', '9/6/2023', '0000-00-00', '0018', '', 'Metro', '1000'),
(76, '0000-00-00', '0', '76', '9/6/2023', '0000-00-00', '0018', '', 'Metro', '1000'),
(77, '0000-00-00', '0', '77', '31/7/2023', '0000-00-00', '0024', '', 'LEGO', '1000'),
(78, '0000-00-00', '0', '78', '31/7/2023', '0000-00-00', '0024', '', 'LEGO', '1000'),
(79, '0000-00-00', '0', '79', '15/11/2023', '0000-00-00', '0003', '', 'Metro', '1000'),
(80, '0000-00-00', '0', '80', '15/11/2023', '0000-00-00', '0003', '', 'Metro', '1000'),
(81, '0000-00-00', '0', '81', '11/12/2023', '0000-00-00', '0021', '', 'Metro', '1000'),
(82, '0000-00-00', '0', '82', '11/12/2023', '0000-00-00', '0021', '', 'Metro', '1000');

-- --------------------------------------------------------

--
-- Table structure for table `tb_device`
--

CREATE TABLE `tb_device` (
  `device_id` int(11) NOT NULL,
  `user_code` varchar(45) CHARACTER SET utf8 COLLATE utf8_general_ci DEFAULT NULL,
  `device_asset_tag` int(11) DEFAULT NULL,
  `device_serialnumber` varchar(45) CHARACTER SET utf8 COLLATE utf8_general_ci DEFAULT NULL,
  `device_dname` varchar(45) CHARACTER SET utf8 COLLATE utf8_general_ci DEFAULT NULL,
  `device_description` varchar(45) CHARACTER SET utf8 COLLATE utf8_general_ci DEFAULT NULL,
  `device_location` varchar(45) CHARACTER SET utf8 COLLATE utf8_general_ci DEFAULT NULL,
  `device_dmanufacturer` varchar(5) CHARACTER SET utf8 COLLATE utf8_general_ci DEFAULT NULL,
  `device_installed_status` int(1) DEFAULT NULL,
  `device_type` int(1) DEFAULT NULL,
  `device_model` varchar(45) CHARACTER SET utf8 COLLATE utf8_general_ci DEFAULT NULL,
  `device_comment` text CHARACTER SET utf8 COLLATE utf8_general_ci NOT NULL,
  `device_datetime` date NOT NULL
) ENGINE=InnoDB DEFAULT CHARSET=utf8;

--
-- Dumping data for table `tb_device`
--

INSERT INTO `tb_device` (`device_id`, `user_code`, `device_asset_tag`, `device_serialnumber`, `device_dname`, `device_description`, `device_location`, `device_dmanufacturer`, `device_installed_status`, `device_type`, `device_model`, `device_comment`, `device_datetime`) VALUES
(1, '10053', 17035, 'KEY-4580069', 'Dell Wireless', 'คีย์บอร์ด', 'อาคาร 4 ชั้น 99', 'Dell', 0, 0, 'KM3322-W', 'ebay', '2024-02-29'),
(2, '10054', 17036, 'KEY-4580070', 'Dell Wireless', 'คีย์บอร์ด\r\n', 'อาคาร 4 ชั้น 2', 'Dell', 0, 3, 'KM3322-W', 'ชำรุด01', '2024-02-27'),
(3, '10055', 17037, 'KEY-4580071', 'Dell Wireless', 'คีย์บอร์ด\r\n', 'อาคาร 4 ชั้น 2', 'Dell', 1, 3, 'KM3322-W', '', '2024-02-27'),
(4, '12056', 17038, 'KEY-4580072', 'Dell Wireless', 'คีย์บอร์ด\r\n', 'อาคาร 4 ชั้น 2', 'Dell', 1, 3, 'KM3322-W', '', '2024-02-27'),
(5, '12057', 17039, 'KEY-4580073', 'Dell Wireless', 'คีย์บอร์ด\r\n', 'อาคาร 4 ชั้น 2', 'Dell', 1, 3, 'KM3322-W', '', '2024-02-27'),
(6, '10045', 17048, 'PR-65487808', 'HP Color Laser Iet', 'เครื่องพิมพ์เอกสาร\r\n', 'อาคาร 4 ชั้น 2', 'HP ', 1, 4, 'Pro MFP M479', '', '2024-02-27'),
(7, '10046', 17049, 'PR-65487809', 'HP Color Laser Iet', 'เครื่องพิมพ์เอกสาร\r\n', 'อาคาร 4 ชั้น 2', 'HP ', 1, 4, 'Pro MFP M479', '', '2024-02-27'),
(8, '10001', 17050, 'PR-65487810', 'HP Color Laser Iet', 'เครื่องพิมพ์เอกสาร\r\n', 'อาคาร 4 ชั้น 2', 'HP ', 1, 4, 'Pro MFP M479', '', '2024-02-27'),
(9, '10002', 17051, 'PR-65487811', 'HP Color Laser Iet', 'เครื่องพิมพ์เอกสาร\r\n', 'อาคาร 4 ชั้น 2', 'HP ', 1, 4, 'Pro MFP M479', '', '2024-02-27'),
(10, '10002', 17026, 'MO-2536833', 'Dell 27\' Monitor', 'จอมอนิเตอร์\r\n', 'อาคาร 4 ชั้น 2', 'Dell', 0, 2, 'SE2722H', '', '2024-02-27'),
(11, '10003', 17027, 'MO-2536834', 'Dell 27\' Monitor', 'จอมอนิเตอร์\r\n', 'อาคาร 4 ชั้น 2', 'Dell', 1, 2, 'SE2722H', '', '2024-02-27'),
(12, '10009', 17028, 'MO-2536835', 'Dell 27\' Monitor', 'จอมอนิเตอร์\r\n', 'อาคาร 4 ชั้น 2', 'Dell', 0, 2, 'SE2722H', '', '2024-02-27'),
(13, '10046', 17004, 'CO-1003001', 'HP All in One PC', 'คอมพิวเตอร์ตั้งโต๊ะ\r\n', 'สำนักงานใหญ่ชั้น5', 'HP', 1, 0, '24-cp 1035d', '', '2024-02-27'),
(14, '10001', 17005, 'CO-1003002', 'HP All in One PC', 'คอมพิวเตอร์ตั้งโต๊ะ\r\n', 'สำนักงานใหญ่ชั้น6', 'HP', 1, 0, '24-cp 1035d', '', '2024-02-27'),
(15, '10002', 17006, 'CO-1003003', 'HP All in One PC', 'คอมพิวเตอร์ตั้งโต๊ะ\r\n', 'สำนักงานใหญ่ชั้น7', 'HP', 1, 0, '24-cp 1035d', '', '2024-02-27'),
(16, '10053', 17012, 'NOL-1104503', 'Notebook LENOVO', 'โน๊ตบุ๊ค\r\n', 'คลัง', 'LENOV', 0, 1, 'V15 G4 IAH', '', '2024-02-27'),
(17, '10054', 17013, 'NOL-1104504', 'Notebook LENOVO', 'โน๊ตบุ๊ค\r\n', 'สำนักงานใหญ่ชั้น1', 'LENOV', 1, 1, 'V15 G4 IAH', '', '2024-02-27'),
(18, '10055', 17014, 'NOL-1104505', 'Notebook LENOVO', 'โน๊ตบุ๊ค\r\n', 'สำนักงานใหญ่ชั้น1', 'LENOV', 1, 1, 'V15 G4 IAH', '', '2024-02-27'),
(19, '12068', 17071, 'FA-14578999', 'Brother Fax', 'fax', 'ห้องประชุม 504 อาคาร 2', 'Broth', 1, 7, 'FAX-2840', '', '2024-02-27'),
(20, '12069', 17072, 'FA-14579000', 'Brother Fax', 'fax', 'ห้องประชุม 504 อาคาร 2', 'Broth', 1, 7, 'FAX-2840', '', '2024-02-27'),
(21, '11013', 17078, 'CA-32323254', 'Cannon Mirrrorless', 'กล้อง', 'ห้องประชุม 504 อาคาร 2', 'Canno', 1, 6, 'EOS R50', '', '2024-02-27'),
(22, '10053', 17079, 'CA-32323255', 'Cannon Mirrrorless', 'กล้อง', 'ห้องประชุม 504 อาคาร 2', 'Canno', 1, 6, 'EOS R50', '', '2024-02-27'),
(23, '12057', 17062, 'SC-56830000', 'Brother Scanner', 'สแกนเนอร์\r\n', 'ห้องประชุม 504 อาคาร 2', 'Broth', 1, 5, 'ADS-1200', '', '2024-02-27'),
(24, '12066', 17063, 'SC-56830001', 'Brother Scanner', 'สแกนเนอร์\r\n', 'ห้องประชุม 504 อาคาร 2', 'Broth', 1, 5, 'ADS-1200', '', '2024-02-27'),
(25, '12067', 17064, 'SC-56830002', 'Brother Scanner', 'สแกนเนอร์\r\n', 'ห้องประชุม 504 อาคาร 2', 'Broth', 1, 5, 'ADS-1200', '', '2024-02-27'),
(26, '12068', 17065, 'SC-56830003', 'Brother Scanner', 'สแกนเนอร์\r\n', 'ห้องประชุม 504 อาคาร 2', 'Broth', 1, 5, 'ADS-1200', '', '2024-02-27'),
(27, '10044', 17073, 'FA-14579001', 'Brother Fax', 'fax', 'ห้องประชุม 504 อาคาร 2', 'Broth', 0, 7, 'FAX-2840', '', '2024-02-27'),
(28, '10045', 17074, 'FA-14579002', 'Brother Fax', 'fax', 'ห้องประชุม 504 อาคาร 2', 'Broth', 1, 7, 'FAX-2840', '', '2024-02-27'),
(29, '10046', 17075, 'FA-14579003', 'Brother Fax', 'fax', 'ห้องประชุม 504 อาคาร 2', 'Broth', 1, 7, 'FAX-2840', '', '2024-02-27'),
(30, '12069', 17066, 'SC-56830004', 'Brother Scanner', 'สแกนเนอร์\r\n', 'ห้องประชุม 504 อาคาร 2', 'Broth', 1, 5, 'ADS-1200', '', '2024-02-27'),
(31, '10044', 17067, 'SC-56830005', 'Brother Scanner', 'สแกนเนอร์\r\n', 'ห้องประชุม 504 อาคาร 2', 'Broth', 1, 5, 'ADS-1200', '', '2024-02-27'),
(32, '12056', 17040, 'KEY-4580074', 'ACER Wirless', 'คีย์บอร์ด\r\n', 'อาคาร 4 ชั้น 2', 'ACER', 1, 3, 'ZLG01st', '', '2024-02-27'),
(33, '12057', 17041, 'KEY-4580075', 'ACER Wirless', 'คีย์บอร์ด\r\n', 'อาคาร 4 ชั้น 2', 'ACER', 1, 3, 'ZLG01st', '', '2024-02-27'),
(34, '12066', 17042, 'KEY-4580076', 'ACER Wirless', 'คีย์บอร์ด\r\n', 'อาคาร 4 ชั้น 2', 'ACER', 1, 3, 'ZLG01st', '', '2024-02-27'),
(35, '12067', 17043, 'KEY-4580077', 'ACER Wirless', 'คีย์บอร์ด\r\n', 'อาคาร 4 ชั้น 2', 'ACER', 1, 3, 'ZLG01st', '', '2024-02-27'),
(36, '12056', 17015, 'NOL-1104506', 'Notebook LENOVO', 'โน๊ตบุ๊ค\r\n', 'สำนักงานใหญ่ชั้น3', 'LENOV', 1, 1, 'V15 G4 IAH', '', '2024-02-27'),
(37, '12057', 17016, 'NOL-1104507', 'Notebook LENOVO', 'โน๊ตบุ๊ค\r\n', 'สำนักงานใหญ่ชั้น3', 'LENOV', 1, 1, 'V15 G4 IAH', '', '2024-02-27'),
(38, '12066', 17017, 'NOL-1104508', 'Notebook LENOVO', 'โน๊ตบุ๊ค\r\n', 'สำนักงานใหญ่ชั้น3', 'LENOV', 2, 1, 'V15 G4 IAH', '', '2024-02-27'),
(39, '12067', 17018, 'NOL-1104509', 'Notebook LENOVO', 'โน๊ตบุ๊ค\r\n', 'คลัง', 'LENOV', 0, 1, 'V15 G4 IAH', '', '2024-02-27'),
(40, '12068', 17019, 'NOL-1104510', 'Notebook LENOVO', 'โน๊ตบุ๊ค\r\n', 'สำนักงานใหญ่ชั้น3', 'LENOV', 1, 1, 'V15 G4 IAH', '', '2024-02-27'),
(41, '10010', 17029, 'MO-2536836', 'Dell 27\' Monitor', 'จอมอนิเตอร์\r\n', 'อาคาร 4 ชั้น 2', 'Dell', 0, 2, 'SE2722H', '', '2024-02-27'),
(42, '10011', 17030, 'MO-2536837', 'Dell 27\' Monitor', 'จอมอนิเตอร์\r\n', 'อาคาร 4 ชั้น 2', 'Dell', 1, 2, 'SE2722H', '', '2024-02-27'),
(43, '11012', 17031, 'MO-2536838', 'Dell 27\' Monitor', 'จอมอนิเตอร์\r\n', 'อาคาร 4 ชั้น 2', 'Dell', 1, 2, 'SE2722H', '', '2024-02-27'),
(44, '11013', 17032, 'MO-2536839', 'Dell 27\' Monitor', 'จอมอนิเตอร์\r\n', 'อาคาร 4 ชั้น 2', 'Dell', 1, 2, 'SE2722H', '', '2024-02-27'),
(45, '10003', 17052, 'PR-65487812', 'Brother Laser', 'เครื่องพิมพ์เอกสาร\r\n', 'อาคาร 4 ชั้น 2', 'Broth', 0, 4, 'DCP-1610W', '', '2024-02-27'),
(46, '10009', 17053, 'PR-65487813', 'Brother Laser', 'เครื่องพิมพ์เอกสาร\r\n', 'ห้องประชุม 504 อาคาร 2', 'Broth', 0, 4, 'DCP-1610W', '', '2024-02-27'),
(47, '10010', 17054, 'PR-65487814', 'Brother Laser', 'เครื่องพิมพ์เอกสาร\r\n', 'ห้องประชุม 504 อาคาร 2', 'Broth', 1, 4, 'DCP-1610W', '', '2024-02-27'),
(48, '10003', 17007, 'COD-2003004', 'Dell All in One PC', 'คอมพิวเตอร์ตั้งโต๊ะ\r\n', 'สำนักงานใหญ่ชั้น8', 'Dell', 1, 0, 'Inspiration 5420', '', '2024-02-27'),
(49, '10009', 17008, 'COD-2003005', 'Dell All in One PC', 'คอมพิวเตอร์ตั้งโต๊ะ\r\n', 'สำนักงานใหญ่ชั้น9', 'Dell', 1, 0, 'Inspiration 5420', '', '2024-02-27'),
(50, '10010', 17009, 'COD-2003006', 'Dell All in One PC', 'คอมพิวเตอร์ตั้งโต๊ะ\r\n', 'คลัง', 'Dell', 2, 0, 'Inspiration 5420', '', '2024-02-27'),
(51, '10054', 17080, 'CA-32323256', 'Sony Ab400 Camera', 'กล้อง', 'ห้องประชุม 504 อาคาร 2', 'Sony', 1, 6, 'Alpha A6400', '', '2024-02-27'),
(52, '10055', 17081, 'CA-32323257', 'Sony Ab400 Camera', 'กล้อง', 'ห้องประชุม 504 อาคาร 2', 'Sony', 1, 6, 'Alpha A6400', '', '2024-02-27'),
(53, '12056', 17082, 'CA-32323258', 'Sony Ab400 Camera', 'กล้อง', 'ห้องประชุม 504 อาคาร 2', 'Sony', 1, 6, 'Alpha A6400', '', '2024-02-27'),
(54, '12057', 17083, 'CA-32323259', 'Sony Ab400 Camera', 'กล้อง', 'ห้องประชุม 504 อาคาร 2', 'Sony', 1, 6, 'Alpha A6400', '', '2024-02-27'),
(55, '10053', 17033, 'MO-2536840', 'Samsung Monitor 24\'', 'จอมอนิเตอร์\r\n', 'อาคาร 4 ชั้น 2', 'Samsu', 1, 2, 'LS24C330', '', '2024-02-27'),
(56, '10054', 17034, 'MO-2536841', 'Samsung Monitor 24\'', 'จอมอนิเตอร์\r\n', 'อาคาร 4 ชั้น 2', 'Samsu', 1, 2, 'LS24C330', '', '2024-02-27'),
(57, '12068', 17044, 'KEY-4580078', 'ACER Wirless', 'คีย์บอร์ด\r\n', 'อาคาร 4 ชั้น 2', 'ACER', 1, 3, 'ZLG01st', '', '2024-02-27'),
(58, '12069', 17045, 'KEY-4580079', 'ACER Wirless', 'คีย์บอร์ด\r\n', 'อาคาร 4 ชั้น 2', 'ACER', 1, 3, 'ZLG01st', '', '2024-02-27'),
(59, '10044', 17046, 'KEY-4580080', 'ACER Wirless', 'คีย์บอร์ด\r\n', 'อาคาร 4 ชั้น 2', 'ACER', 1, 3, 'ZLG01st', '', '2024-02-27'),
(60, '10045', 17047, 'KEY-4580081', 'ACER Wirless', 'คีย์บอร์ด\r\n', 'อาคาร 4 ชั้น 2', 'ACER', 1, 3, 'ZLG01st', '', '2024-02-27'),
(61, '10012', 17055, 'PR-65487815', 'Brother Laser', 'เครื่องพิมพ์เอกสาร\r\n', 'ห้องประชุม 504 อาคาร 2', 'Broth', 1, 4, 'DCP-1610W', '', '2024-02-27'),
(62, '10011', 17056, 'PR-65487816', 'Brother Laser', 'เครื่องพิมพ์เอกสาร\r\n', 'ห้องประชุม 504 อาคาร 2', 'Broth', 1, 4, 'DCP-1610W', '', '2024-02-27'),
(63, '10013', 17057, 'PR-65487817', 'Brother Laser', 'เครื่องพิมพ์เอกสาร\r\n', 'ห้องประชุม 504 อาคาร 2', 'Broth', 1, 4, 'DCP-1610W', '', '2024-02-27'),
(64, '10053', 17058, 'PR-65487818', 'Brother Laser', 'เครื่องพิมพ์เอกสาร\r\n', 'ห้องประชุม 504 อาคาร 2', 'Broth', 1, 4, 'DCP-1610W', '', '2024-02-27'),
(65, '10054', 17059, 'PR-65487819', 'Brother Laser', 'เครื่องพิมพ์เอกสาร\r\n', 'ห้องประชุม 504 อาคาร 2', 'Broth', 1, 4, 'DCP-1610W', '', '2024-02-27'),
(66, '10055', 17060, 'PR-65487820', 'Brother Laser', 'เครื่องพิมพ์เอกสาร\r\n', 'ห้องประชุม 504 อาคาร 2', 'Broth', 1, 4, 'DCP-1610W', '', '2024-02-27'),
(67, '12056', 17061, 'PR-65487821', 'Brother Laser', 'เครื่องพิมพ์เอกสาร\r\n', 'ห้องประชุม 504 อาคาร 2', 'Broth', 1, 4, 'DCP-1610W', '', '2024-02-27'),
(68, '12069', 17020, 'NO-3104511', 'Notebook Dell', 'โน๊ตบุ๊ค\r\n', 'สำนักงานใหญ่ชั้น3', 'Dell', 1, 1, 'Inspiron 3520', '', '2024-02-27'),
(69, '10044', 17021, 'NO-3104512', 'Notebook Dell', 'โน๊ตบุ๊ค\r\n', 'อาคาร 4 ชั้น 2', 'Dell', 1, 1, 'Inspiron 3520', '', '2024-02-27'),
(70, '10040', 17022, 'NO-3104513', 'Notebook Dell', 'โน๊ตบุ๊ค\r\n', 'อาคาร 4 ชั้น 2', 'Dell', 1, 1, 'Inspiron 3520', '', '2024-02-27'),
(71, '10041', 17023, 'NO-3104514', 'Notebook Dell', 'โน๊ตบุ๊ค\r\n', 'อาคาร 4 ชั้น 2', 'Dell', 1, 1, 'Inspiron 3520', '', '2024-02-27'),
(72, '10042', 17024, 'NO-3104515', 'Notebook Dell', 'โน๊ตบุ๊ค\r\n', 'อาคาร 4 ชั้น 2', 'Dell', 1, 1, 'Inspiron 3520', '', '2024-02-27'),
(73, '10043', 17025, 'NO-2104516', 'Notebook Dell', 'โน๊ตบุ๊ค\r\n', 'อาคาร 4 ชั้น 2', 'Dell', 1, 1, 'Inspiron 3520', '', '2024-02-27'),
(74, '10045', 17068, 'SC-56830006', 'Epson Scanner', 'สแกนเนอร์\r\n', 'ห้องประชุม 504 อาคาร 2', 'Epson', 1, 5, 'Perfection V3911', '', '2024-02-27'),
(75, '10046', 17069, 'SC-56830007', 'Epson Scanner', 'สแกนเนอร์\r\n', 'ห้องประชุม 504 อาคาร 2', 'Epson', 1, 5, 'Perfection V3911', '', '2024-02-27'),
(76, '10001', 17070, 'SC-56830008', 'Epson Scanner', 'สแกนเนอร์\r\n', 'ห้องประชุม 504 อาคาร 2', 'Epson', 1, 5, 'Perfection V3911', '', '2024-02-27'),
(77, '12066', 17084, 'CA-32323260', 'Sony Ab400 Camera', 'กล้อง', 'ห้องประชุม 504 อาคาร 2', 'Sony', 1, 6, 'Alpha A6400', '', '2024-02-27'),
(78, '12067', 17085, 'CA-32323261', 'Sony Ab400 Camera', 'กล้อง', 'ห้องประชุม 504 อาคาร 2', 'Sony', 1, 6, 'Alpha A6400', '', '2024-02-27'),
(79, '10011', 17010, 'COD-2003007', 'Dell All in One PC', 'คอมพิวเตอร์ตั้งโต๊ะ\r\n', 'คลัง', 'Dell', 2, 0, 'Inspiration 5420', '', '2024-02-27'),
(80, '11012', 17011, 'COD-2003008', 'Dell All in One PC', 'คอมพิวเตอร์ตั้งโต๊ะ\r\n', 'คลัง', 'Dell', 2, 0, 'Inspiration 5420', '', '2024-02-27'),
(81, '10001', 17076, 'FA-14579004', 'Cannon Fax', 'fax', 'ห้องประชุม 504 อาคาร 2', 'Canno', 1, 7, 'E4570', '', '2024-02-27'),
(82, '10002', 17077, 'FA-14579005', 'Cannon Fax', 'fax', 'ห้องประชุม 504 อาคาร 2', 'Canno', 1, 7, 'E4570', '', '2024-02-27'),
(83, '10003', 17078, 'FA-14579006', 'Cannon Fax', 'fax', 'ห้องประชุม 504 อาคาร 2', 'Canno', 0, 7, 'E4570', '', '2024-02-28');

-- --------------------------------------------------------

--
-- Table structure for table `tb_onsite`
--

CREATE TABLE `tb_onsite` (
  `onsite_id` int(11) NOT NULL,
  `onsite_fullname` varchar(45) NOT NULL,
  `onsite_phone` varchar(10) NOT NULL,
  `onsite_email` varchar(45) CHARACTER SET utf8 COLLATE utf8_general_ci NOT NULL,
  `onsite_username` varchar(45) NOT NULL,
  `onsite_password` varchar(45) NOT NULL,
  `onsite_department` varchar(45) NOT NULL,
  `onsite_position` varchar(45) NOT NULL,
  `onsite_installedstatus` varchar(45) NOT NULL,
  `onsite_datetime` date NOT NULL
) ENGINE=InnoDB DEFAULT CHARSET=utf8;

--
-- Dumping data for table `tb_onsite`
--

INSERT INTO `tb_onsite` (`onsite_id`, `onsite_fullname`, `onsite_phone`, `onsite_email`, `onsite_username`, `onsite_password`, `onsite_department`, `onsite_position`, `onsite_installedstatus`, `onsite_datetime`) VALUES
(1, 'SEEEEEEEEEE', '096333333', 'onsite03@gmail.com', 'onsite01', '1234567', 'IOT', 'รอง02', '', '2024-02-27'),
(2, 'onsite02', '0147852369', 'onsite02@gmail.com', 'onsite02', '123456', '11111', '11111', '', '2024-02-27'),
(8, 'sirionsite', '0819272182', 'siri@gmail.com', 'sirionsite', '123456', 'onsite', 'digital', '', '2024-02-29');

-- --------------------------------------------------------

--
-- Table structure for table `tb_product`
--

CREATE TABLE `tb_product` (
  `product_id` int(11) NOT NULL,
  `product_name` varchar(45) CHARACTER SET utf8 COLLATE utf8_general_ci NOT NULL COMMENT 'ชื่อสินค้า',
  `product_type` varchar(45) CHARACTER SET utf8 COLLATE utf8_general_ci NOT NULL COMMENT 'ชนิดของสินค้า',
  `product_asset_tag` varchar(45) CHARACTER SET utf8 COLLATE utf8_general_ci NOT NULL COMMENT 'หมายวันผลิต',
  `product_manufacturer` varchar(45) CHARACTER SET utf8 COLLATE utf8_general_ci NOT NULL COMMENT 'ผู้ผลิตสินค้า',
  `product_serial_number` varchar(45) CHARACTER SET utf8 COLLATE utf8_general_ci NOT NULL COMMENT 'หมายเลขสินค้า',
  `product_location` varchar(45) CHARACTER SET utf8 COLLATE utf8_general_ci NOT NULL COMMENT 'ตำแหน่งของสินค้า',
  `product_comment` varchar(255) CHARACTER SET utf8 COLLATE utf8_general_ci NOT NULL COMMENT 'หมายเหตุ',
  `product_description` varchar(45) CHARACTER SET utf8 COLLATE utf8_general_ci NOT NULL COMMENT 'รายละเอียดสินค้า'
) ENGINE=InnoDB DEFAULT CHARSET=utf8;

-- --------------------------------------------------------

--
-- Table structure for table `tb_staff`
--

CREATE TABLE `tb_staff` (
  `staff_id` int(11) NOT NULL,
  `staff_fullname` varchar(45) NOT NULL,
  `staff_phone` varchar(10) NOT NULL,
  `staff_email` varchar(45) NOT NULL,
  `staff_username` varchar(45) NOT NULL,
  `staff_password` varchar(45) NOT NULL,
  `staff_department` varchar(45) NOT NULL,
  `staff_position` varchar(45) NOT NULL,
  `staff_role` varchar(45) NOT NULL
) ENGINE=InnoDB DEFAULT CHARSET=utf8;

--
-- Dumping data for table `tb_staff`
--

INSERT INTO `tb_staff` (`staff_id`, `staff_fullname`, `staff_phone`, `staff_email`, `staff_username`, `staff_password`, `staff_department`, `staff_position`, `staff_role`) VALUES
(23956, 'guma', '080739590', 'fuhu@gmail.com', 'fuhu956', '123456', 'staff', 'staff', 'staff');

-- --------------------------------------------------------

--
-- Table structure for table `tb_user`
--

CREATE TABLE `tb_user` (
  `user_id` int(11) NOT NULL,
  `user_code` varchar(45) CHARACTER SET utf8 COLLATE utf8_general_ci DEFAULT NULL,
  `user_fullname` varchar(255) NOT NULL,
  `user_position` varchar(255) NOT NULL,
  `user_email` varchar(255) NOT NULL,
  `user_phone` varchar(255) NOT NULL,
  `user_department` varchar(255) NOT NULL,
  `user_username` varchar(255) NOT NULL,
  `user_password` varchar(255) NOT NULL,
  `user_datetime` date NOT NULL
) ENGINE=InnoDB DEFAULT CHARSET=utf8;

--
-- Dumping data for table `tb_user`
--

INSERT INTO `tb_user` (`user_id`, `user_code`, `user_fullname`, `user_position`, `user_email`, `user_phone`, `user_department`, `user_username`, `user_password`, `user_datetime`) VALUES
(1457, '10053', 'user1', 'user', '1@gmail.com', '0800000001', 'บันชีการเงิน', 'user1', '123456', '2024-02-27'),
(1458, '10054', 'user2', 'user', '2@gmail.com', '0800000002', 'ฝ่ายบุคคล', 'user2', '123456', '2024-02-29'),
(1459, '10055', 'user3', 'user', '3@gmail.com', '0800000003', 'ฝ่ายบุคคล', 'user3', '123456', '2024-02-28'),
(1460, '12056', 'user4', 'user', '4@gmail.com', '0800000004', 'IT', 'user4', '123456', '0000-00-00'),
(1461, '12057', 'user5', 'user', '5@gmail.com', '0800000005', 'Admin', 'user5', '123456', '2024-02-29'),
(1462, '12066', 'user6', 'user', '6@gmail.com', '0800000006', 'IT', 'user6', '123456', '2024-02-29'),
(1463, '12067', 'user7', 'user', '7@gmail.com', '0800000007', 'IT', 'user7', '123456', '2024-02-29'),
(1464, '12068', 'user8', 'user', '8@gmail.com', '0800000008', 'IT', 'user8', '123456', '2024-02-29'),
(1465, '12069', 'user9', 'user', '9@gmail.com', '0800000009', 'IT', 'user9', '123456', '2024-02-29'),
(1466, '10044', 'user10', 'user', '10@gmail.com', '0800000010', 'IT', 'user10', '123456', '2024-02-29'),
(1467, '10045', 'user11', 'user', '11@gmail.com', '0800000011', 'IT', 'user11', '123456', '2024-02-29'),
(1468, '10046', 'user12', 'user', '12@gmail.com', '0800000011', 'IT', 'user11', '123456', '2024-02-29'),
(1469, '10001', 'user13', 'user', '13@gmail.com', '0800000013', 'IT', 'user13', '123456', '2024-02-29'),
(1470, '10002', 'user14', 'user', '14@gmail.com', '0800000014', 'IT', 'user14', '123456', '2024-02-29'),
(1471, '10003', 'user15', 'user', '15@gmail.com', '0800000015', 'IT', 'user15', '123456', '2024-02-29'),
(1472, '10009', 'user16', 'user', '16@gmail.com', '0800000016', 'IT', 'user16', '123456', '2024-02-29'),
(1473, '10010', 'user17', 'user', '17@gmail.com', '0800000017', 'IT', 'user17', '123456', '2024-02-29'),
(1474, '10011', 'user18', 'user', '18@gmail.com', '08000000018', 'IT', 'user18', '123456', '0000-00-00'),
(1475, '11012', 'user19', 'user', '19@gmail.com', '0800000019', 'IT', 'user19', '123456', '2024-02-29'),
(1476, '11013', 'user20', 'user', '20@gmail.com', '0800000020', 'IT', 'user20', '123456', '2024-02-29');

--
-- Indexes for dumped tables
--

--
-- Indexes for table `tb_admin`
--
ALTER TABLE `tb_admin`
  ADD PRIMARY KEY (`admin_id`);

--
-- Indexes for table `tb_assetchecking`
--
ALTER TABLE `tb_assetchecking`
  ADD PRIMARY KEY (`assetchecking_id`);

--
-- Indexes for table `tb_contract`
--
ALTER TABLE `tb_contract`
  ADD PRIMARY KEY (`contract_id`);

--
-- Indexes for table `tb_contract01`
--
ALTER TABLE `tb_contract01`
  ADD PRIMARY KEY (`contract_id`);

--
-- Indexes for table `tb_device`
--
ALTER TABLE `tb_device`
  ADD PRIMARY KEY (`device_id`);

--
-- Indexes for table `tb_onsite`
--
ALTER TABLE `tb_onsite`
  ADD PRIMARY KEY (`onsite_id`);

--
-- Indexes for table `tb_product`
--
ALTER TABLE `tb_product`
  ADD PRIMARY KEY (`product_id`);

--
-- Indexes for table `tb_staff`
--
ALTER TABLE `tb_staff`
  ADD PRIMARY KEY (`staff_id`);

--
-- Indexes for table `tb_user`
--
ALTER TABLE `tb_user`
  ADD PRIMARY KEY (`user_id`);

--
-- AUTO_INCREMENT for dumped tables
--

--
-- AUTO_INCREMENT for table `tb_admin`
--
ALTER TABLE `tb_admin`
  MODIFY `admin_id` int(11) NOT NULL AUTO_INCREMENT, AUTO_INCREMENT=8;

--
-- AUTO_INCREMENT for table `tb_assetchecking`
--
ALTER TABLE `tb_assetchecking`
  MODIFY `assetchecking_id` int(11) NOT NULL AUTO_INCREMENT, AUTO_INCREMENT=94;

--
-- AUTO_INCREMENT for table `tb_contract`
--
ALTER TABLE `tb_contract`
  MODIFY `contract_id` int(11) NOT NULL AUTO_INCREMENT, AUTO_INCREMENT=88;

--
-- AUTO_INCREMENT for table `tb_contract01`
--
ALTER TABLE `tb_contract01`
  MODIFY `contract_id` int(11) NOT NULL AUTO_INCREMENT, AUTO_INCREMENT=83;

--
-- AUTO_INCREMENT for table `tb_device`
--
ALTER TABLE `tb_device`
  MODIFY `device_id` int(11) NOT NULL AUTO_INCREMENT, AUTO_INCREMENT=90;

--
-- AUTO_INCREMENT for table `tb_onsite`
--
ALTER TABLE `tb_onsite`
  MODIFY `onsite_id` int(11) NOT NULL AUTO_INCREMENT, AUTO_INCREMENT=9;

--
-- AUTO_INCREMENT for table `tb_product`
--
ALTER TABLE `tb_product`
  MODIFY `product_id` int(11) NOT NULL AUTO_INCREMENT;

--
-- AUTO_INCREMENT for table `tb_staff`
--
ALTER TABLE `tb_staff`
  MODIFY `staff_id` int(11) NOT NULL AUTO_INCREMENT, AUTO_INCREMENT=23957;

--
-- AUTO_INCREMENT for table `tb_user`
--
ALTER TABLE `tb_user`
  MODIFY `user_id` int(11) NOT NULL AUTO_INCREMENT, AUTO_INCREMENT=1478;
COMMIT;

/*!40101 SET CHARACTER_SET_CLIENT=@OLD_CHARACTER_SET_CLIENT */;
/*!40101 SET CHARACTER_SET_RESULTS=@OLD_CHARACTER_SET_RESULTS */;
/*!40101 SET COLLATION_CONNECTION=@OLD_COLLATION_CONNECTION */;
